sato,CQiVyWwFK3M3
suzuki,VQpAYL3UPwkN
takahashi,fFmHs2jdkrHW
tanaka,4qjApXLTbyJI
ito,Ryd3z/0PPLMJ
watanabe,hNcLtlPYwOSB
yamamoto,piapPAnsvzCh
nakamura,PrMpJjdFf8ZC
kobayashi,1y8FIfqwqiVo
kato,wmA/Y7vQodxL
yoshida,KVaRkAAbnF81
yamada,JHiqg/HxE9fT
sasaki,180Gmjj8DT78
yamaguchi,3U+I2MgQgOjF
saito,GZBQrFTX2988
matsumoto,Eg2SnsQtvFB4
inoue,mO9q1wGsFvAK
kimura,XXijymqmjbfZ
hayashi,ZI1H3pJq8t4C
shimizu,svFeyH5CeU59
yamazaki,Mrxo55AKGzlE
mori,H9Np+icLej2x
abe,I+iBwC7myI3N
ikeda,Edxf/6fxEkzm
hashimoto,yMA+Hu0HjHqK
yamashita,7kYVXs7lf53e
ishikawa,aCJFifZLVhiD
nakajima,JHwR1Pp6y4rs
maeda,Fy5QWKY9fbGW
fujita,9Eg7eg/xC3AX
ogawa,DoB1OWpmVFnd
goto,Whzgvmzb5AcY
okada,FvpTUwu1VHMh
hasegawa,0bwj4wonxRna
murakami,aG6qzG21S9HR
kondo,agQrAtdn+r9j
ishii,IxQqxqO9LmR8
sakamoto,BMrgX9Wq7J1V
endo,dYRVJAfmZ/6P
aoki,+kYUhwpmEA7o
fujii,VFJPRx7t16+3
nishimura,4Nyt+PUny3V/
fukuda,kdtqFwgq4Hr+
oota,fi/pzYphvgQM
miura,zlEsV8N9zl2T
okamoto,FOO32kXAicJa
matsuda,Wi17I0xbtk6U
nakagawa,xS7prHVPY5uB
nakano,/a0rUxIiNBSg
harada,9VVR4ADTTocM
ono,IE/xhynbzoFP
tamura,+y5JZoUXTTtm
takeuchi,NYqoxVJPWcoM
kaneko,b+pHibteWzGz
wada,pTHPIMhXbsA4
nakayama,dCvZyH0/VJfG